,name,link,name_clean,objectID
0,Irish whiskey,,irish whiskey,irish-whiskey
1,Triple sec liqueur (40%),,triple sec liqueur 40,triple-sec-liqueur-40
2,Martini Rosso sweet vermouth,https://diffordsguide.com/beer-wine-spirits/223/martini-rosso-vermouth,martini rosso sweet vermouth,martini-rosso-sweet-vermouth
3,Lime juice (freshly squeezed),,lime juice freshly squeezed,lime-juice-freshly-squeezed
4,Martini Riserva Speciale Ambrato,https://diffordsguide.com/beer-wine-spirits/5110/martini-riserva-speciale-ambrato,martini riserva speciale ambrato,martini-riserva-speciale-ambrato
5,Rutte Dry Gin,https://diffordsguide.com/beer-wine-spirits/5463/rutte-dry-gin,rutte dry gin,rutte-dry-gin
6,St-Germain elderflower liqueur,https://diffordsguide.com/beer-wine-spirits/182/st-germain-elderflower-liqueur,stgermain elderflower liqueur,stgermain-elderflower-liqueur
7,Bob's Grapefruit Bitters,https://diffordsguide.com/beer-wine-spirits/6430/bobs-grapefruit-bitters,bobs grapefruit bitters,bobs-grapefruit-bitters
8,Warninks Advocaat liqueur,https://diffordsguide.com/beer-wine-spirits/1124/warninks-advocaat-liqueur,warninks advocaat liqueur,warninks-advocaat-liqueur
9,Cognac,https://diffordsguide.com/beer-wine-spirits/5925/martell-vs-single-distillery,cognac,cognac
10,Fino sherry,https://diffordsguide.com/beer-wine-spirits/175/tio-pepe-fino-sherry,fino sherry,fino-sherry
12,JÃ¤germeister,,jgermeister,jgermeister
14,Green grapes (seedless),,green grapes seedless,green-grapes-seedless
15,PatrÃ³n Reposado tequila,https://diffordsguide.com/beer-wine-spirits/205/patron-reposado-tequila,patrn reposado tequila,patrn-reposado-tequila
16,Giffard Sugar Cane Syrup,https://diffordsguide.com/beer-wine-spirits/5991/giffard-sugar-cane-syrup,giffard sugar cane syrup,giffard-sugar-cane-syrup
17,Orange Bitters by Angostura,https://diffordsguide.com/beer-wine-spirits/3505/angostura-orange-bitters,orange bitters by angostura,orange-bitters-by-angostura
18,Root ginger (thumbnail sized slice),,root ginger thumbnail sized slice,root-ginger-thumbnail-sized-slice
19,Cherry Heering Liqueur,https://diffordsguide.com/beer-wine-spirits/95/cherry-heering-liqueur,cherry heering liqueur,cherry-heering-liqueur
20,Lemon juice (freshly squeezed),,lemon juice freshly squeezed,lemon-juice-freshly-squeezed
23,Giffard Orgeat Syrup,https://diffordsguide.com/beer-wine-spirits/2764/giffard-orgeat-syrup,giffard orgeat syrup,giffard-orgeat-syrup
25,Orange flower/blossom water,,orange flowerblossom water,orange-flowerblossom-water
26,Pasteurised egg white,https://diffordsguide.com/encyclopedia/509/cocktails/egg-dos-and-donts-and-using-eggs-in-cocktails,pasteurised egg white,pasteurised-egg-white
27,Disaronno amaretto,https://diffordsguide.com/beer-wine-spirits/1209/disaronno-originale-amaretto,disaronno amaretto,disaronno-amaretto
28,Rabarbaro,,rabarbaro,rabarbaro
29,Peychaud's or other Creole-style bitters,https://diffordsguide.com/beer-wine-spirits/201/peychauds-bitters,peychauds or other creolestyle bitters,peychauds-or-other-creolestyle-bitters
30,Bourbon whiskey,https://diffordsguide.com/beer-wine-spirits/69/makers-mark-bourbon,bourbon whiskey,bourbon-whiskey
31,Luxardo Maraschino liqueur,https://diffordsguide.com/beer-wine-spirits/237/luxardo-maraschino-liqueur,luxardo maraschino liqueur,luxardo-maraschino-liqueur
32,Noilly Prat Extra Dry,https://diffordsguide.com/beer-wine-spirits/3981/noilly-prat-extra-dry,noilly prat extra dry,noilly-prat-extra-dry
36,Angostura Aromatic Bitters,https://diffordsguide.com/beer-wine-spirits/145/angostura-aromatic-bitters,angostura aromatic bitters,angostura-aromatic-bitters
38,Lemon curd,,lemon curd,lemon-curd
39,Sour apple liqueur,,sour apple liqueur,sour-apple-liqueur
41,Ketel One Vodka,https://diffordsguide.com/beer-wine-spirits/278/ketel-one-vodka,ketel one vodka,ketel-one-vodka
42,Giffard Abricot du Roussillon,https://diffordsguide.com/beer-wine-spirits/1676/giffard-abricot-du-roussillon,giffard abricot du roussillon,giffard-abricot-du-roussillon
46,Mastiha liqueur,https://diffordsguide.com/beer-wine-spirits/6524/kleos-mastiha,mastiha liqueur,mastiha-liqueur
47,Fernet Branca,https://diffordsguide.com/beer-wine-spirits/323/fernet-branca,fernet branca,fernet-branca
49,Bob's Chocolate bitters,https://diffordsguide.com/beer-wine-spirits/678/bobs-chocolate-bitters,bobs chocolate bitters,bobs-chocolate-bitters
50,Lemon peel,,lemon peel,lemon-peel
51,Cynar or other carciofo amaro,https://diffordsguide.com/beer-wine-spirits/859/cynar,cynar or other carciofo amaro,cynar-or-other-carciofo-amaro
52,Antica Formula or other well aged sweet vermouth,https://diffordsguide.com/beer-wine-spirits/322/carpano-antica-formula,antica formula or other well aged sweet vermouth,antica-formula-or-other-well-aged-sweet-vermouth
56,Blue curaÃ§ao liqueur,,blue curaao liqueur,blue-curaao-liqueur
58,Blueberries,,blueberries,blueberries
61,Sauvignon blanc white wine,,sauvignon blanc white wine,sauvignon-blanc-white-wine
62,Montenegro amaro,https://diffordsguide.com/beer-wine-spirits/1818/montenegro-amaro,montenegro amaro,montenegro-amaro
63,Islay single malt Scotch whisky,https://diffordsguide.com/beer-wine-spirits/292/lagavulin-16yo-islay-single-malt-whisky,islay single malt scotch whisky,islay-single-malt-scotch-whisky
64,Giffard Banane du BrÃ©sil,https://diffordsguide.com/beer-wine-spirits/1677/giffard-banane-du-bresil,giffard banane du brsil,giffard-banane-du-brsil
65,Saline solution 4:1 (20g sea salt to 80g water),,saline solution 41 20g sea salt to 80g water,saline-solution-41-20g-sea-salt-to-80g-water
67,Pallini Limoncello,https://diffordsguide.com/beer-wine-spirits/354/pallini-limoncello,pallini limoncello,pallini-limoncello
68,Thomas Henry Pink Grapefruit soda,https://diffordsguide.com/beer-wine-spirits/6574/thomas-henry-pink-grapefruit,thomas henry pink grapefruit soda,thomas-henry-pink-grapefruit-soda
70,Bacardi Carta Blanca light rum,https://diffordsguide.com/beer-wine-spirits/525/bacardi-carta-blanca-light-rum,bacardi carta blanca light rum,bacardi-carta-blanca-light-rum
72,Cranberry juice drink,https://diffordsguide.com/beer-wine-spirits/215/ocean-spray-classic-cranberry-drink,cranberry juice drink,cranberry-juice-drink
73,Orange juice (freshly squeezed),,orange juice freshly squeezed,orange-juice-freshly-squeezed
74,Pineapple juice (fresh pressed),,pineapple juice fresh pressed,pineapple-juice-fresh-pressed
77,La FÃ©e Parisienne absinthe,https://diffordsguide.com/beer-wine-spirits/293/la-fee-parisienne-absinthe,la fe parisienne absinthe,la-fe-parisienne-absinthe
79,Anisette liqueur,,anisette liqueur,anisette-liqueur
82,Chilled water (reduce if wet ice),,chilled water reduce if wet ice,chilled-water-reduce-if-wet-ice
83,Basil leaves,,basil leaves,basil-leaves
85,Lime cordial,,lime cordial,lime-cordial
88,Egg (white & yolk),https://diffordsguide.com/encyclopedia/509/cocktails/egg-dos-and-donts-and-using-eggs-in-cocktails,egg white  yolk,egg-white--yolk
89,Rye whiskey 100 proof / 50% alc./vol.,https://diffordsguide.com/beer-wine-spirits/1384/rittenhouse-bottled-in-bond,rye whiskey 100 proof  50 alcvol,rye-whiskey-100-proof--50-alcvol
90,Yellow Chartreuse liqueur,https://diffordsguide.com/beer-wine-spirits/875/chartreuse-jaune-yellow-chartreuse-liqueur,yellow chartreuse liqueur,yellow-chartreuse-liqueur
91,BÃ©nÃ©dictine D.O.M.,https://diffordsguide.com/beer-wine-spirits/1634/benedictine-dom,bndictine dom,bndictine-dom
94,Hazelnut liqueur,https://diffordsguide.com/beer-wine-spirits/66/frangelico-liqueur,hazelnut liqueur,hazelnut-liqueur
96,Beavertown Smog Rocket Smoked Porter,https://diffordsguide.com/beer-wine-spirits/3297/beavertown-smog-rocket-smoked-porter,beavertown smog rocket smoked porter,beavertown-smog-rocket-smoked-porter
97,Demerara / dark Muscovado / brown sugar,,demerara  dark muscovado  brown sugar,demerara--dark-muscovado--brown-sugar
98,Whiskey barrel aged bitters,https://diffordsguide.com/beer-wine-spirits/3507/fee-brothers-whiskey-barrel-aged,whiskey barrel aged bitters,whiskey-barrel-aged-bitters
99,Dewar's 12 Year Old Scotch whisky,https://diffordsguide.com/beer-wine-spirits/2801/dewars-12-year-old-scotch-whisky,dewars 12 year old scotch whisky,dewars-12-year-old-scotch-whisky
101,Apple juice (cloudy pressed),,apple juice cloudy pressed,apple-juice-cloudy-pressed
102,Maple syrup,,maple syrup,maple-syrup
103,Thomas Henry Ginger Ale,https://diffordsguide.com/beer-wine-spirits/370/thomas-henry-ginger-ale,thomas henry ginger ale,thomas-henry-ginger-ale
105,Mint leaves,,mint leaves,mint-leaves
109,Oloroso sherry,,oloroso sherry,oloroso-sherry
111,Groseille (redcurrant) syrup,,groseille redcurrant syrup,groseille-redcurrant-syrup
116,Chilled water (omit if using wet ice),,chilled water omit if using wet ice,chilled-water-omit-if-using-wet-ice
117,Cucumber peeled (English),,cucumber peeled english,cucumber-peeled-english
118,Kiwi fruit,,kiwi fruit,kiwi-fruit
119,Bison grass vodka,,bison grass vodka,bison-grass-vodka
125,Caorunn Gin,https://diffordsguide.com/beer-wine-spirits/617/caorunn-gin,caorunn gin,caorunn-gin
128,Simple syrup (1 sugar to 1 water),,simple syrup 1 sugar to 1 water,simple-syrup-1-sugar-to-1-water
129,Citric acid solution (1tsp citric acid dissolved in 90ml water),,citric acid solution 1tsp citric acid dissolved in 90ml water,citric-acid-solution-1tsp-citric-acid-dissolved-in-90ml-water
130,Lemon thyme (remove stalks),,lemon thyme remove stalks,lemon-thyme-remove-stalks
132,Green Chartreuse liqueur,https://diffordsguide.com/beer-wine-spirits/874/chartreuse-verte-green-chartreuse,green chartreuse liqueur,green-chartreuse-liqueur
134,Avallen Calvados,https://diffordsguide.com/beer-wine-spirits/6397/avallen-calvados,avallen calvados,avallen-calvados
137,Thomas Henry Soda Water,https://diffordsguide.com/beer-wine-spirits/6575/thomas-henry-soda-water,thomas henry soda water,thomas-henry-soda-water
140,Galliano L'Autentico liqueur,https://diffordsguide.com/beer-wine-spirits/851/galliano-lautentico,galliano lautentico liqueur,galliano-lautentico-liqueur
141,Filter coffee (hot),,filter coffee hot,filter-coffee-hot
142,PatrÃ³n Silver blanco tequila,https://diffordsguide.com/beer-wine-spirits/204/patron-silver-tequila,patrn silver blanco tequila,patrn-silver-blanco-tequila
144,Lemonade,https://diffordsguide.com/beer-wine-spirits/4683/fever-tree-sicilian-lemonade,lemonade,lemonade
145,Old Tom gin,,old tom gin,old-tom-gin
147,Tawny port (10 year old),,tawny port 10 year old,tawny-port-10-year-old
149,Giffard Creme de Mure,https://diffordsguide.com/beer-wine-spirits/1615/giffard-creme-de-mure,giffard creme de mure,giffard-creme-de-mure
150,Grapefruit juice (pink),,grapefruit juice pink,grapefruit-juice-pink
153,Kwai Feh lychee liqueur,https://diffordsguide.com/beer-wine-spirits/295/kwai-feh-lychee-liqueur,kwai feh lychee liqueur,kwai-feh-lychee-liqueur
160,Chilled water,,chilled water,chilled-water
161,Lime flavoured vodka,,lime flavoured vodka,lime-flavoured-vodka
162,Melon (Cantaloupe),,melon cantaloupe,melon-cantaloupe
164,Green melon liqueur,https://diffordsguide.com/beer-wine-spirits/221/midori-melon-liqueur,green melon liqueur,green-melon-liqueur
168,Black raspberry liqueur,,black raspberry liqueur,black-raspberry-liqueur
169,Martini Bianco vermouth,https://diffordsguide.com/beer-wine-spirits/2878/martini-bianco-vermouth,martini bianco vermouth,martini-bianco-vermouth
172,Southern USA style whiskey liqueur,https://diffordsguide.com/beer-wine-spirits/183/southern-comfort,southern usa style whiskey liqueur,southern-usa-style-whiskey-liqueur
174,Giffard Grenadine syrup,https://diffordsguide.com/beer-wine-spirits/4260/giffard-grenadine-syrup,giffard grenadine syrup,giffard-grenadine-syrup
176,Italian red bitter liqueur,https://diffordsguide.com/beer-wine-spirits/190/campari-bitter,italian red bitter liqueur,italian-red-bitter-liqueur
178,Cinnamon schnapps & Goldwasser liqueurs,https://diffordsguide.com/beer-wine-spirits/399/danziger-goldwasser-liqueur,cinnamon schnapps  goldwasser liqueurs,cinnamon-schnapps--goldwasser-liqueurs
179,Butterscotch liqueur,,butterscotch liqueur,butterscotch-liqueur
180,Apple Schnapps liqueur,https://diffordsguide.com/beer-wine-spirits/531/berentzen-apple-schnapps,apple schnapps liqueur,apple-schnapps-liqueur
183,Giffard Creme de Peche de Vigne,https://diffordsguide.com/beer-wine-spirits/863/giffard-creme-de-peche-de-vigne,giffard creme de peche de vigne,giffard-creme-de-peche-de-vigne
186,Ginger sugar syrup,,ginger sugar syrup,ginger-sugar-syrup
188,Raspberries,,raspberries,raspberries
193,Thomas Henry Bitter Lemon,https://diffordsguide.com/beer-wine-spirits/369/thomas-henry-bitter-lemon,thomas henry bitter lemon,thomas-henry-bitter-lemon
194,Bacardi 8 year old rum,https://diffordsguide.com/beer-wine-spirits/1110/bacardi-ocho-anos,bacardi 8 year old rum,bacardi-8-year-old-rum
205,Americano Bianco,https://diffordsguide.com/beer-wine-spirits/417/cocchi-americano-bianco,americano bianco,americano-bianco
210,Lemon-lime soda (Sprite/7-Up),,lemonlime soda sprite7up,lemonlime-soda-sprite7up
211,Italicus liqueur,https://diffordsguide.com/beer-wine-spirits/5652/italicus-rosolio-di-bergamotto,italicus liqueur,italicus-liqueur
212,Bepi Tosolini Grappa di Moscato,https://diffordsguide.com/beer-wine-spirits/5270/bepi-tosolini-grappa-di-moscato,bepi tosolini grappa di moscato,bepi-tosolini-grappa-di-moscato
215,Swedish Punsch liqueur,https://diffordsguide.com/beer-wine-spirits/category/222/swedish-punsch,swedish punsch liqueur,swedish-punsch-liqueur
216,Byrrh Grand Quinquina,https://diffordsguide.com/beer-wine-spirits/4216/byrrh-grand-quinquina,byrrh grand quinquina,byrrh-grand-quinquina
220,Brut Champagne,https://diffordsguide.com/beer-wine-spirits/601/taittinger-brut-reserve-nv-champagne,brut champagne,brut-champagne
221,Rutte Old Simon Genever,https://diffordsguide.com/beer-wine-spirits/5460/rutte-old-simon-genever,rutte old simon genever,rutte-old-simon-genever
231,Peachtree peach schnapps,https://diffordsguide.com/beer-wine-spirits/2399/peachtree-liqueur,peachtree peach schnapps,peachtree-peach-schnapps
240,Orange blossom honey,https://diffordsguide.com/g/1109/honey-and-honey-syrup/raw-honey,orange blossom honey,orange-blossom-honey
241,Bacardi Gold rum,https://diffordsguide.com/beer-wine-spirits/524/bacardi-carta-oro-rum,bacardi gold rum,bacardi-gold-rum
249,Thomas Henry Ginger Beer,https://diffordsguide.com/beer-wine-spirits/367/thomas-henry-ginger-beer,thomas henry ginger beer,thomas-henry-ginger-beer
256,Rutte Sloe Gin,https://diffordsguide.com/beer-wine-spirits/6217/rutte-sloe-gin,rutte sloe gin,rutte-sloe-gin
271,Tuaca Liqueur,https://diffordsguide.com/beer-wine-spirits/174/tuaca-liqueur,tuaca liqueur,tuaca-liqueur
272,Grand Marnier or other cognac orange liqueur,https://diffordsguide.com/beer-wine-spirits/114/grand-marnier-cordon-rouge,grand marnier or other cognac orange liqueur,grand-marnier-or-other-cognac-orange-liqueur
273,Irish cream liqueur,https://diffordsguide.com/beer-wine-spirits/526/baileys-irish-cream-liqueur,irish cream liqueur,irish-cream-liqueur
274,Milk (semi-skimmed/2% fat),,milk semiskimmed2 fat,milk-semiskimmed2-fat
275,Ketel One Citroen vodka,https://diffordsguide.com/beer-wine-spirits/1181/ketel-one-citroen-vodka,ketel one citroen vodka,ketel-one-citroen-vodka
276,Blackcurrant flavoured vodka,,blackcurrant flavoured vodka,blackcurrant-flavoured-vodka
282,Dark crÃ¨me de cacao liqueur,,dark crme de cacao liqueur,dark-crme-de-cacao-liqueur
285,Single cream / half-and-half,,single cream  halfandhalf,single-cream--halfandhalf
295,Giffard Cassis Noir de Bourgogne,https://diffordsguide.com/beer-wine-spirits/1630/giffard-cassis-noir-de-bourgogne,giffard cassis noir de bourgogne,giffard-cassis-noir-de-bourgogne
296,Red grapes (seedless),,red grapes seedless,red-grapes-seedless
309,Apricot jam (preserve),,apricot jam preserve,apricot-jam-preserve
311,Honey syrup (3 honey to 1 water),https://diffordsguide.com/g/1109/honey-and-honey-syrup/honey-syrup,honey syrup 3 honey to 1 water,honey-syrup-3-honey-to-1-water
322,Del Maguey VIDA mezcal,https://diffordsguide.com/beer-wine-spirits/5018/del-maguey-vida-mezcal,del maguey vida mezcal,del-maguey-vida-mezcal
324,Bigallet Thym,https://diffordsguide.com/beer-wine-spirits/3606/bigallet-thym,bigallet thym,bigallet-thym
327,King's Ginger Liqueur,https://diffordsguide.com/beer-wine-spirits/47/kings-ginger-liqueur,kings ginger liqueur,kings-ginger-liqueur
332,Suze gentian liqueur,https://diffordsguide.com/beer-wine-spirits/4215/suze-gentian-liqueur,suze gentian liqueur,suze-gentian-liqueur
335,William pear liqueur,,william pear liqueur,william-pear-liqueur
339,Egg yolk,https://diffordsguide.com/encyclopedia/509/cocktails/egg-dos-and-donts-and-using-eggs-in-cocktails,egg yolk,egg-yolk
345,Mentzendorff Kummel Liqueur,https://diffordsguide.com/beer-wine-spirits/1548/mentzendorff-kummel-liqueur,mentzendorff kummel liqueur,mentzendorff-kummel-liqueur
347,Birch water,,birch water,birch-water
348,Small ripe strawberries (hulled),,small ripe strawberries hulled,small-ripe-strawberries-hulled
352,Soda from siphon,,soda from siphon,soda-from-siphon
358,Dubonnet Red,https://diffordsguide.com/beer-wine-spirits/856/dubonnet-red,dubonnet red,dubonnet-red
362,Prosecco sparkling wine,https://diffordsguide.com/beer-wine-spirits/1908/martini-prosecco-doc,prosecco sparkling wine,prosecco-sparkling-wine
366,Lavender sugar syrup,https://diffordsguide.com/beer-wine-spirits/3418/monin-lavender-sugar-syrup,lavender sugar syrup,lavender-sugar-syrup
368,Bob's Lavender Bitters,https://diffordsguide.com/beer-wine-spirits/5740/bobs-lavender-bitters,bobs lavender bitters,bobs-lavender-bitters
373,Giffard Sugar Cane Syrup (optional),https://diffordsguide.com/beer-wine-spirits/5991/giffard-sugar-cane-syrup,giffard sugar cane syrup optional,giffard-sugar-cane-syrup-optional
374,Raspberry flavoured vodka,,raspberry flavoured vodka,raspberry-flavoured-vodka
390,Island single malt Scotch whisky,https://diffordsguide.com/beer-wine-spirits/179/talisker-10-year-old,island single malt scotch whisky,island-single-malt-scotch-whisky
391,Falernum liqueur,https://diffordsguide.com/beer-wine-spirits/173/velvet-falernum,falernum liqueur,falernum-liqueur
393,Novo Fogo Silver cachaÃ§a,https://diffordsguide.com/beer-wine-spirits/391/novo-fogo-silver,novo fogo silver cachaa,novo-fogo-silver-cachaa
394,Aperol or other Italian red aperitivo,https://diffordsguide.com/beer-wine-spirits/70/aperol-aperitivo,aperol or other italian red aperitivo,aperol-or-other-italian-red-aperitivo
411,Lapsang souchong sugar syrup,,lapsang souchong sugar syrup,lapsang-souchong-sugar-syrup
415,Orange Bitters by Angostura (optional),https://diffordsguide.com/beer-wine-spirits/3505/angostura-orange-bitters,orange bitters by angostura optional,orange-bitters-by-angostura-optional
422,Giffard Vanille de Madagascar,https://diffordsguide.com/beer-wine-spirits/1680/giffard-vanille-de-madagascar,giffard vanille de madagascar,giffard-vanille-de-madagascar
426,Coffee liqueur,,coffee liqueur,coffee-liqueur
432,Giffard Parfait Amour liqueur,https://diffordsguide.com/beer-wine-spirits/2013/giffard-parfait-amour,giffard parfait amour liqueur,giffard-parfait-amour-liqueur
436,Honey sugar syrup,,honey sugar syrup,honey-sugar-syrup
441,Dutch White CrÃ¨me de Cacao,https://diffordsguide.com/beer-wine-spirits/6541/dutch-cacao-liqueur,dutch white crme de cacao,dutch-white-crme-de-cacao
442,PatrÃ³n AÃ±ejo tequila,https://diffordsguide.com/beer-wine-spirits/208/patron-anejo-tequila,patrn aejo tequila,patrn-aejo-tequila
447,Cinnamon sugar syrup,https://diffordsguide.com/beer-wine-spirits/5046/monin-cinnamon-syrup,cinnamon sugar syrup,cinnamon-sugar-syrup
448,Tea - strong white tea (cold),,tea  strong white tea cold,tea--strong-white-tea-cold
460,Pedro XimÃ©nez sherry,https://diffordsguide.com/beer-wine-spirits/217/noe-pedro-ximenez-sherry,pedro ximnez sherry,pedro-ximnez-sherry
472,Coconut water,,coconut water,coconut-water
476,*Special ingredient #1 (see above),,special ingredient 1 see above,special-ingredient-1-see-above
477,Vanilla sugar syrup,,vanilla sugar syrup,vanilla-sugar-syrup
478,Espresso coffee (freshly made & hot),,espresso coffee freshly made  hot,espresso-coffee-freshly-made--hot
479,Freshly grated nutmeg,,freshly grated nutmeg,freshly-grated-nutmeg
481,Drambuie liqueur,https://diffordsguide.com/beer-wine-spirits/109/drambuie-liqueur,drambuie liqueur,drambuie-liqueur
487,White overproof rum,https://diffordsguide.com/beer-wine-spirits/157/wray-and-nephew-white-overproof-rum,white overproof rum,white-overproof-rum
489,La Fee Absinthe Blanche,https://diffordsguide.com/beer-wine-spirits/2593/la-fee-absinthe-blanche,la fee absinthe blanche,la-fee-absinthe-blanche
491,Raspberry (framboise) sugar syrup,,raspberry framboise sugar syrup,raspberry-framboise-sugar-syrup
498,Agave syrup,,agave syrup,agave-syrup
503,Licor 43 Original,https://diffordsguide.com/beer-wine-spirits/1632/licor-43-original,licor 43 original,licor-43-original
508,Mango purÃ©e,,mango pure,mango-pure
520,Giffard Sugar Cane Syrup (2 sugar to 1 water),https://diffordsguide.com/beer-wine-spirits/5991/giffard-sugar-cane-syrup,giffard sugar cane syrup 2 sugar to 1 water,giffard-sugar-cane-syrup-2-sugar-to-1-water
527,Amontillado sherry,https://diffordsguide.com/beer-wine-spirits/5825/del-duque-amontillado-sherry,amontillado sherry,amontillado-sherry
552,"Red jalapeÃ±o/fresno chili (10,000 SHU) deseeded & chopped (fine sliced)",,red jalapeofresno chili 10000 shu deseeded  chopped fine sliced,red-jalapeofresno-chili-10000-shu-deseeded--chopped-fine-sliced
561,Passion fruit (fresh fruit),,passion fruit fresh fruit,passion-fruit-fresh-fruit
571,Pernod anise,https://diffordsguide.com/beer-wine-spirits/202/pernod-anise,pernod anise,pernod-anise
592,Thomas Henry Tonic Water,https://diffordsguide.com/beer-wine-spirits/368/thomas-henry-tonic-water,thomas henry tonic water,thomas-henry-tonic-water
594,Kirschwasser (cherry) eau-de-vie,https://diffordsguide.com/beer-wine-spirits/5741/g-miclo-kirsch-vieux-eau-de-vie,kirschwasser cherry eaudevie,kirschwasser-cherry-eaudevie
601,Giffard Menthe Pastille white crÃ¨me de menthe,https://diffordsguide.com/beer-wine-spirits/855/giffard-menthe-pastille,giffard menthe pastille white crme de menthe,giffard-menthe-pastille-white-crme-de-menthe
607,Pasteurised egg white (optional),https://diffordsguide.com/encyclopedia/509/cocktails/egg-dos-and-donts-and-using-eggs-in-cocktails,pasteurised egg white optional,pasteurised-egg-white-optional
608,Brut Champagne (chilled),https://diffordsguide.com/beer-wine-spirits/601/taittinger-brut-reserve-nv-champagne,brut champagne chilled,brut-champagne-chilled
609,Orange juice (freshly squeezed) (chilled),,orange juice freshly squeezed chilled,orange-juice-freshly-squeezed-chilled
613,BarSol Mosto Verde Italia Pisco,https://diffordsguide.com/beer-wine-spirits/5128/barsol-mosto-verde-italia-pisco,barsol mosto verde italia pisco,barsol-mosto-verde-italia-pisco
615,Amargo Chuncho bitters,,amargo chuncho bitters,amargo-chuncho-bitters
622,Punt E Mes or other full-bodied vermouth,,punt e mes or other fullbodied vermouth,punt-e-mes-or-other-fullbodied-vermouth
623,Ginger cordial (non-alcoholic),,ginger cordial nonalcoholic,ginger-cordial-nonalcoholic
643,Orange CuraÃ§ao liqueur,https://diffordsguide.com/beer-wine-spirits/734/pierre-ferrand-curacao,orange curaao liqueur,orange-curaao-liqueur
644,Demerara / dark Muscovado sugar syrup (2 sugar to 1 water),,demerara  dark muscovado sugar syrup 2 sugar to 1 water,demerara--dark-muscovado-sugar-syrup-2-sugar-to-1-water
648,CrÃ¨me de violette liqueur,https://diffordsguide.com/beer-wine-spirits/1638/benoit-serres-liqueur-de-la-violette,crme de violette liqueur,crme-de-violette-liqueur
659,Highland single malt scotch whisky,https://diffordsguide.com/beer-wine-spirits/6711/the-glenlivet-12-year-old,highland single malt scotch whisky,highland-single-malt-scotch-whisky
670,Cucumber flavoured vodka,,cucumber flavoured vodka,cucumber-flavoured-vodka
708,Breakfast tea (hot),,breakfast tea hot,breakfast-tea-hot
732,Physalis fruits,,physalis fruits,physalis-fruits
747,Salt,,salt,salt
760,Lillet Blanc,https://diffordsguide.com/beer-wine-spirits/286/lillet-blanc,lillet blanc,lillet-blanc
766,Black walnut bitters,,black walnut bitters,black-walnut-bitters
771,Bob's Abbotts Bitters,https://diffordsguide.com/beer-wine-spirits/5743/bobs-abbotts-bitters,bobs abbotts bitters,bobs-abbotts-bitters
777,Egg white,https://diffordsguide.com/encyclopedia/509/cocktails/egg-dos-and-donts-and-using-eggs-in-cocktails,egg white,egg-white
779,Speyside single malt Scotch whisky,,speyside single malt scotch whisky,speyside-single-malt-scotch-whisky
780,Cinnamon stick,,cinnamon stick,cinnamon-stick
781,Boiling water,,boiling water,boiling-water
784,Ketel One Oranje Vodka,https://diffordsguide.com/beer-wine-spirits/1121/ketel-one-oranje-vodka,ketel one oranje vodka,ketel-one-oranje-vodka
797,Orinoco bitters,,orinoco bitters,orinoco-bitters
805,Jasmine tea (cold),,jasmine tea cold,jasmine-tea-cold
808,Black Tears cacao & coffee spiced rum,https://diffordsguide.com/beer-wine-spirits/6456/black-tears-cacao-and-coffee-spiced-rum,black tears cacao  coffee spiced rum,black-tears-cacao--coffee-spiced-rum
812,Root beer,,root beer,root-beer
820,Bacardi Spiced,https://diffordsguide.com/beer-wine-spirits/6389/bacardi-spiced,bacardi spiced,bacardi-spiced
830,Xante Liqueur,https://diffordsguide.com/beer-wine-spirits/155/xante-liqueur,xante liqueur,xante-liqueur
849,Mediterranean tonic water,https://diffordsguide.com/beer-wine-spirits/4681/fever-tree-mediterranean-tonic-water,mediterranean tonic water,mediterranean-tonic-water
865,Giffard CrÃ¨me de Myrtille,https://diffordsguide.com/beer-wine-spirits/1688/giffard-creme-de-myrtille,giffard crme de myrtille,giffard-crme-de-myrtille
876,Lime (fresh fruit),,lime fresh fruit,lime-fresh-fruit
877,Red bell pepper,,red bell pepper,red-bell-pepper
878,"Red jalapeÃ±o/fresno chili (10,000 SHU) deseeded & chopped",,red jalapeofresno chili 10000 shu deseeded  chopped,red-jalapeofresno-chili-10000-shu-deseeded--chopped
890,Peach purÃ©e,,peach pure,peach-pure
896,Bob's Vanilla bitters,https://diffordsguide.com/beer-wine-spirits/6686/bobs-vanilla-bitters,bobs vanilla bitters,bobs-vanilla-bitters
898,Banana tea,https://diffordsguide.com/encyclopedia/2346/cocktails/banana-tea,banana tea,banana-tea
901,Cardamaro amaro,https://diffordsguide.com/beer-wine-spirits/5636/cardamaro,cardamaro amaro,cardamaro-amaro
903,Xocolatl mole bitters,https://diffordsguide.com/beer-wine-spirits/2288/bittermens-xocolatl-mole-bitters,xocolatl mole bitters,xocolatl-mole-bitters
904,Junmai ginjÅ sake,https://diffordsguide.com/beer-wine-spirits/4873/kikusui-junmai-ginjo,junmai ginj sake,junmai-ginj-sake
906,Hot pepper sauce (red),,hot pepper sauce red,hot-pepper-sauce-red
907,Worcestershire sauce,,worcestershire sauce,worcestershire-sauce
908,Celery salt,,celery salt,celery-salt
909,Black pepper,,black pepper,black-pepper
913,Rosemary sprig,,rosemary sprig,rosemary-sprig
915,Shiraz red wine,,shiraz red wine,shiraz-red-wine
922,Italian Brandy,,italian brandy,italian-brandy
935,Grapefruit juice (ruby red),,grapefruit juice ruby red,grapefruit-juice-ruby-red
939,Giffard Creme de Chataigne,https://diffordsguide.com/beer-wine-spirits/2014/giffard-creme-de-chataigne,giffard creme de chataigne,giffard-creme-de-chataigne
945,Raspberry jam,,raspberry jam,raspberry-jam
947,Poire William eau de vie,https://diffordsguide.com/beer-wine-spirits/5070/schladerer-williams-birne-williams-pear,poire william eau de vie,poire-william-eau-de-vie
965,Coconut rum (35-40% alc./vol.),https://diffordsguide.com/beer-wine-spirits/297/koko-kanu-liqueur,coconut rum 3540 alcvol,coconut-rum-3540-alcvol
972,Angostura Aromatic Bitters (optional),https://diffordsguide.com/beer-wine-spirits/145/angostura-aromatic-bitters,angostura aromatic bitters optional,angostura-aromatic-bitters-optional
976,Giffard Peppermint Pastille crÃ¨me de menthe,https://diffordsguide.com/beer-wine-spirits/2015/giffard-peppermint-pastille,giffard peppermint pastille crme de menthe,giffard-peppermint-pastille-crme-de-menthe
990,Apple sugar syrup,https://diffordsguide.com/beer-wine-spirits/3914/monin-apple-syrup,apple sugar syrup,apple-sugar-syrup
1010,Passion fruit syrup,https://diffordsguide.com/beer-wine-spirits/6322/giffard-passion-fruit-syrup,passion fruit syrup,passion-fruit-syrup
1011,Orange marmalade,,orange marmalade,orange-marmalade
1018,Picon Amer,https://diffordsguide.com/beer-wine-spirits/144/picon-amer,picon amer,picon-amer
1036,Medium dry apple cider,,medium dry apple cider,medium-dry-apple-cider
1038,Pimento bitters,https://diffordsguide.com/beer-wine-spirits/2788/dale-degroffs-pimento-aromatic-bitters,pimento bitters,pimento-bitters
1050,Rose petal liqueur,,rose petal liqueur,rose-petal-liqueur
1052,Maraschino syrup (from cherry jar),,maraschino syrup from cherry jar,maraschino-syrup-from-cherry-jar
1057,Cola,,cola,cola
1081,Canadian blended whisky,,canadian blended whisky,canadian-blended-whisky
1088,Difford's Margarita Bitters (optional),https://diffordsguide.com/beer-wine-spirits/2705/diffords-margarita-bitters,diffords margarita bitters optional,diffords-margarita-bitters-optional
1091,Mint bitters,,mint bitters,mint-bitters
1100,Vanilla extract,,vanilla extract,vanilla-extract
1108,Camomile tea (cold),,camomile tea cold,camomile-tea-cold
1112,Figs,,figs,figs
1118,Tomato juice,,tomato juice,tomato-juice
1122,Horseradish sauce,,horseradish sauce,horseradish-sauce
1127,Blood orange juice,,blood orange juice,blood-orange-juice
1152,Difford's Daiquiri Bitters,https://diffordsguide.com/beer-wine-spirits/3134/diffords-daiquiri-bitters,diffords daiquiri bitters,diffords-daiquiri-bitters
1163,Green cardamom pods,,green cardamom pods,green-cardamom-pods
1165,Yoghurt liqueur,https://diffordsguide.com/beer-wine-spirits/795/bols-natural-yoghurt,yoghurt liqueur,yoghurt-liqueur
1182,Soy milk,,soy milk,soy-milk
1186,Malt extract,,malt extract,malt-extract
1196,Kina aromatised wine,https://diffordsguide.com/beer-wine-spirits/5034/tempus-fugit-kina-laero-dor,kina aromatised wine,kina-aromatised-wine
1200,Milk (whole milk/full 3-4% fat),,milk whole milkfull 34 fat,milk-whole-milkfull-34-fat
1228,Orange peel,,orange peel,orange-peel
1254,Vermouth amaro,https://diffordsguide.com/beer-wine-spirits/4655/cocchi-vermouth-amaro,vermouth amaro,vermouth-amaro
1266,Cranberry flavoured vodka,,cranberry flavoured vodka,cranberry-flavoured-vodka
1289,Raisins,,raisins,raisins
1316,Stone's Original Green Ginger Wine,https://diffordsguide.com/beer-wine-spirits/164/stones-original,stones original green ginger wine,stones-original-green-ginger-wine
1371,Overproof pot still rum,https://diffordsguide.com/beer-wine-spirits/688/smith-and-cross-pot-still-jamaican-rum,overproof pot still rum,overproof-pot-still-rum
1427,Claret red wine,,claret red wine,claret-red-wine
1455,Marsala Superiore DOC secco wine,,marsala superiore doc secco wine,marsala-superiore-doc-secco-wine
1474,Cream of coconut,,cream of coconut,cream-of-coconut
1487,Banana (ripe & peeled),,banana ripe  peeled,banana-ripe--peeled
1575,Celery stick (chopped) (chopped),,celery stick chopped chopped,celery-stick-chopped-chopped
1577,Rutte Celery Dry Gin,https://diffordsguide.com/beer-wine-spirits/5462/rutte-celery-dry-gin,rutte celery dry gin,rutte-celery-dry-gin
1581,White wine vinegar (Chardonnay),,white wine vinegar chardonnay,white-wine-vinegar-chardonnay
1582,Celery bitters,https://diffordsguide.com/beer-wine-spirits/2956/the-bitter-truth-celery-bitters,celery bitters,celery-bitters
1591,Saline solution 4:1 (20g sea salt to 80g water) (optional),,saline solution 41 20g sea salt to 80g water optional,saline-solution-41-20g-sea-salt-to-80g-water-optional
1602,Kuromitsu Japanese brown sugar syrup,,kuromitsu japanese brown sugar syrup,kuromitsu-japanese-brown-sugar-syrup
1608,Wasabi leaf,,wasabi leaf,wasabi-leaf
1609,Tennesse whiskey,https://diffordsguide.com/beer-wine-spirits/309/jack-daniels-old-no7-brand,tennesse whiskey,tennesse-whiskey
1610,Mandarine Napoleon liqueur,https://diffordsguide.com/beer-wine-spirits/1122/mandarine-napoleon-liqueur,mandarine napoleon liqueur,mandarine-napoleon-liqueur
1615,Boker's bitters,https://diffordsguide.com/beer-wine-spirits/6253/the-bitter-truth-bogarts-bitters,bokers bitters,bokers-bitters
1629,Framboise eau-de-vie,,framboise eaudevie,framboise-eaudevie
1631,Burlesque bitters,https://diffordsguide.com/beer-wine-spirits/2292/bittermens-burlesque-bitters,burlesque bitters,burlesque-bitters
1633,Cranberry juice drink (white),https://diffordsguide.com/beer-wine-spirits/215/ocean-spray-classic-cranberry-drink,cranberry juice drink white,cranberry-juice-drink-white
1649,Lapsang Souchong tea liqueur,,lapsang souchong tea liqueur,lapsang-souchong-tea-liqueur
1651,Boston Bittahs bitters,https://diffordsguide.com/beer-wine-spirits/2291/bittermens-boston-bittahs,boston bittahs bitters,boston-bittahs-bitters
1652,Dark/black/blackstrap rum,https://diffordsguide.com/beer-wine-spirits/579/goslings-black-seal-rum,darkblackblackstrap rum,darkblackblackstrap-rum
1671,Dewar's 12 Year Old Scotch whisky (bacon fat washed),https://diffordsguide.com/beer-wine-spirits/2801/dewars-12-year-old-scotch-whisky,dewars 12 year old scotch whisky bacon fat washed,dewars-12-year-old-scotch-whisky-bacon-fat-washed
1675,Becherovka liqueur,,becherovka liqueur,becherovka-liqueur
1676,Wormwood bitters (optional),https://diffordsguide.com/beer-wine-spirits/899/cocktail-kingdom-wormwood-bitters,wormwood bitters optional,wormwood-bitters-optional
1683,Dry white port,https://diffordsguide.com/beer-wine-spirits/1839/taylors-chip-dry-white-port,dry white port,dry-white-port
1695,Chocolate Spirit,https://diffordsguide.com/beer-wine-spirits/698/mozart-chocolate-vodka,chocolate spirit,chocolate-spirit
1715,Dandelion & Burdock,https://diffordsguide.com/beer-wine-spirits/4546/fentimans-dandelion-and-burdock,dandelion  burdock,dandelion--burdock
1729,Lychee rose tea (smoked),,lychee rose tea smoked,lychee-rose-tea-smoked
1762,Lemongrass stem,,lemongrass stem,lemongrass-stem
1768,"Brandy, whisk(e)y, gin, rum etc.",,brandy whiskey gin rum etc,brandy-whiskey-gin-rum-etc
1770,Fruit juice  (often pineapple),,fruit juice  often pineapple,fruit-juice--often-pineapple
1776,Beef bouillon (cold),,beef bouillon cold,beef-bouillon-cold
1788,Banana (yellow) sugar syrup,https://diffordsguide.com/beer-wine-spirits/3929/monin-yellow-banana-syrup,banana yellow sugar syrup,banana-yellow-sugar-syrup
1820,Riesling,,riesling,riesling
1852,Averna Amaro,https://diffordsguide.com/beer-wine-spirits/149/averna-amaro,averna amaro,averna-amaro
1854,Applejack brandy Bottled-in-Bond (50% alc./vol),https://diffordsguide.com/beer-wine-spirits/1720/lairds-straight-bottled-in-bond,applejack brandy bottledinbond 50 alcvol,applejack-brandy-bottledinbond-50-alcvol
1883,Toschi Nocello liqueur,https://diffordsguide.com/beer-wine-spirits/975/toschi-nocello-liqueur,toschi nocello liqueur,toschi-nocello-liqueur
1911,Luxardo Sambuca,https://diffordsguide.com/beer-wine-spirits/231/luxardo-sambuca,luxardo sambuca,luxardo-sambuca
1913,Clove,,clove,clove
1918,Ketel One Cucumber & Mint,https://diffordsguide.com/beer-wine-spirits/6358/ketel-one-cucumber-and-mint,ketel one cucumber  mint,ketel-one-cucumber--mint
1934,Peach bitters,https://diffordsguide.com/beer-wine-spirits/6246/the-bitter-truth-peach-bitters,peach bitters,peach-bitters
1943,Tea syrup (Breakfast tea) 2:1),,tea syrup breakfast tea 21,tea-syrup-breakfast-tea-21
1959,Absolut Vanilia vodka,https://diffordsguide.com/beer-wine-spirits/1225/absolut-vanilia,absolut vanilia vodka,absolut-vanilia-vodka
1961,Chai tea (cold),,chai tea cold,chai-tea-cold
1976,Dunkel (dark lager) beer,,dunkel dark lager beer,dunkel-dark-lager-beer
1978,Pineapple (fresh),,pineapple fresh,pineapple-fresh
1979,Allspice Jamaica pepper (ground),,allspice jamaica pepper ground,allspice-jamaica-pepper-ground
1982,Salted caramel syrup,https://diffordsguide.com/beer-wine-spirits/6160/giffard-salted-caramel-syrup,salted caramel syrup,salted-caramel-syrup
1992,Strawberry flavoured vodka,,strawberry flavoured vodka,strawberry-flavoured-vodka
2002,Bacardi Gold rum (infused with vanilla),https://diffordsguide.com/beer-wine-spirits/524/bacardi-carta-oro-rum,bacardi gold rum infused with vanilla,bacardi-gold-rum-infused-with-vanilla
2006,Difford's Daiquiri Bitters (optional),https://diffordsguide.com/beer-wine-spirits/3134/diffords-daiquiri-bitters,diffords daiquiri bitters optional,diffords-daiquiri-bitters-optional
2015,Freshly extracted celery juice,,freshly extracted celery juice,freshly-extracted-celery-juice
2027,Coriander / cilantro leaves,,coriander  cilantro leaves,coriander--cilantro-leaves
2054,Hot water,,hot water,hot-water
2068,Giffard Caramel Toffee,https://diffordsguide.com/beer-wine-spirits/1628/giffard-caramel-toffee,giffard caramel toffee,giffard-caramel-toffee
2077,Ketel One Grapefruit & Rose,https://diffordsguide.com/beer-wine-spirits/6232/ketel-one-grapefruit-and-rose,ketel one grapefruit  rose,ketel-one-grapefruit--rose
2088,Bourgogne AligotÃ© wine white,,bourgogne aligot wine white,bourgogne-aligot-wine-white
2090,BarSol Mosto Verde Italia Pisco (optional),https://diffordsguide.com/beer-wine-spirits/5128/barsol-mosto-verde-italia-pisco,barsol mosto verde italia pisco optional,barsol-mosto-verde-italia-pisco-optional
2107,Oat milk,,oat milk,oat-milk
2113,Canadian icewine,,canadian icewine,canadian-icewine
2220,Sugar cube,,sugar cube,sugar-cube
2222,Muyu Chinotto Nero,https://diffordsguide.com/beer-wine-spirits/6356/muyu-chinotto-nero,muyu chinotto nero,muyu-chinotto-nero
2238,Giffard Creme de Framboise,https://diffordsguide.com/beer-wine-spirits/1608/giffard-creme-de-framboise,giffard creme de framboise,giffard-creme-de-framboise
2241,Nardini Amaro,https://diffordsguide.com/beer-wine-spirits/2034/nardini-amaro,nardini amaro,nardini-amaro
2257,Ruby port,,ruby port,ruby-port
2258,WKD Original Blue,,wkd original blue,wkd-original-blue
2295,Rose water,,rose water,rose-water
2298,Apple & cardamom shrub,,apple  cardamom shrub,apple--cardamom-shrub
2311,Giffard Pamplemousse liqueur,https://diffordsguide.com/beer-wine-spirits/1681/giffard-pamplemousse-liqueur,giffard pamplemousse liqueur,giffard-pamplemousse-liqueur
2314,Bourbon whiskey (bacon fat washed),https://diffordsguide.com/beer-wine-spirits/69/makers-mark-bourbon,bourbon whiskey bacon fat washed,bourbon-whiskey-bacon-fat-washed
2350,Banana tea soda,,banana tea soda,banana-tea-soda
2371,Antica Ricetta Barolo Chinato,https://diffordsguide.com/beer-wine-spirits/618/antica-ricetta-barolo-chinato,antica ricetta barolo chinato,antica-ricetta-barolo-chinato
2372,Bigallet China China,https://diffordsguide.com/beer-wine-spirits/3607/bigallet-china-china,bigallet china china,bigallet-china-china
2375,Hpnotiq liqueur,,hpnotiq liqueur,hpnotiq-liqueur
2381,Lemon bitters,https://diffordsguide.com/beer-wine-spirits/3729/the-bitter-truth-lemon-bitters,lemon bitters,lemon-bitters
2392,Difford's Margarita Bitters,https://diffordsguide.com/beer-wine-spirits/2705/diffords-margarita-bitters,diffords margarita bitters,diffords-margarita-bitters
2398,Sercial (dry) Madeira wine,https://diffordsguide.com/beer-wine-spirits/5689/blandys-sercial-10-year-old,sercial dry madeira wine,sercial-dry-madeira-wine
2402,Martinique agricole rhum vieux (extra aged),,martinique agricole rhum vieux extra aged,martinique-agricole-rhum-vieux-extra-aged
2404,Pimento dram liqueur,https://diffordsguide.com/beer-wine-spirits/category/711/pimento-berry-spiced-liqueurs,pimento dram liqueur,pimento-dram-liqueur
2457,Gooseberry & mint cordial,,gooseberry  mint cordial,gooseberry--mint-cordial
2464,Watermelon (fresh),,watermelon fresh,watermelon-fresh
2467,Budweiser Budvar,https://diffordsguide.com/beer-wine-spirits/2008/budweiser-budvar,budweiser budvar,budweiser-budvar
2539,Agavero liqueur,https://diffordsguide.com/beer-wine-spirits/143/agavero-liqueur,agavero liqueur,agavero-liqueur
2548,Black sambuca liqueur,https://diffordsguide.com/beer-wine-spirits/212/opal-nera-liqueur,black sambuca liqueur,black-sambuca-liqueur
2580,RosÃ© champagne,https://diffordsguide.com/beer-wine-spirits/2650/taittinger-prestige-rose,ros champagne,ros-champagne
2599,Jerry Thomas bitters,https://diffordsguide.com/beer-wine-spirits/6245/the-bitter-truth-jerry-thomas-bitters,jerry thomas bitters,jerry-thomas-bitters
2689,Jamaican aged blended rum,https://diffordsguide.com/beer-wine-spirits/220/myerss-original-dark-rum,jamaican aged blended rum,jamaican-aged-blended-rum
2702,Pear juice (freshly pressed),,pear juice freshly pressed,pear-juice-freshly-pressed
2708,Navy rum (54.5% alc./vol.),,navy rum 545 alcvol,navy-rum-545-alcvol
2758,Lime (fresh fruit) (cut into segments),,lime fresh fruit cut into segments,lime-fresh-fruit-cut-into-segments
2767,Chamomile liqueur,,chamomile liqueur,chamomile-liqueur
2769,Vermouth di Torino,,vermouth di torino,vermouth-di-torino
2781,India pale ale (IPA) beer,,india pale ale ipa beer,india-pale-ale-ipa-beer
2808,Pimm's No. 1 Cup,https://diffordsguide.com/beer-wine-spirits/363/pimms-no-1-cup,pimms no 1 cup,pimms-no-1-cup
2823,Chilled water (optional),,chilled water optional,chilled-water-optional
2911,Wasabi paste,,wasabi paste,wasabi-paste
2913,Soy sauce,,soy sauce,soy-sauce
2970,Giffard Fraise des Bois,https://diffordsguide.com/beer-wine-spirits/1607/giffard-fraise-des-bois,giffard fraise des bois,giffard-fraise-des-bois
3018,Powdered sugar (or use 5ml of 2:1 sugar syrup per spoon),,powdered sugar or use 5ml of 21 sugar syrup per spoon,powdered-sugar-or-use-5ml-of-21-sugar-syrup-per-spoon
3041,Bacardi Carta Blanca light rum (infused with vanilla),https://diffordsguide.com/beer-wine-spirits/525/bacardi-carta-blanca-light-rum,bacardi carta blanca light rum infused with vanilla,bacardi-carta-blanca-light-rum-infused-with-vanilla
3042,White Zinfandel rose wine,,white zinfandel rose wine,white-zinfandel-rose-wine
3054,Blackberries,,blackberries,blackberries
3080,Homemade ginger juice syrup (1:1),,homemade ginger juice syrup 11,homemade-ginger-juice-syrup-11
3081,Cava sparkling wine,,cava sparkling wine,cava-sparkling-wine
3154,Agave Sec Liqueur,https://diffordsguide.com/beer-wine-spirits/1/agave-sec-liqueur,agave sec liqueur,agave-sec-liqueur
3156,Sugar-free sweetener,,sugarfree sweetener,sugarfree-sweetener
3163,Bigallet Genepi Grand Tetras,https://diffordsguide.com/beer-wine-spirits/3605/bigallet-genepi-grand-tetras,bigallet genepi grand tetras,bigallet-genepi-grand-tetras
3177,Bob's Cardamom bitters,https://diffordsguide.com/beer-wine-spirits/5744/bobs-cardamom-bitters,bobs cardamom bitters,bobs-cardamom-bitters
3184,Blood orange liqueur,https://diffordsguide.com/beer-wine-spirits/2269/solerno-liqueur,blood orange liqueur,blood-orange-liqueur
3205,ClÃ©ment Canne Bleue 2016,https://diffordsguide.com/beer-wine-spirits/6015/clement-canne-bleue-2016,clment canne bleue 2016,clment-canne-bleue-2016
3206,ClÃ©ment CrÃ©ole Shrubb liqueur,https://diffordsguide.com/beer-wine-spirits/869/clement-creole-shrubb,clment crole shrubb liqueur,clment-crole-shrubb-liqueur
3216,Basil leaves (torn),,basil leaves torn,basil-leaves-torn
3220,Green tea (cold),,green tea cold,green-tea-cold
3223,Lime (fresh fruit) (chopped wedges),,lime fresh fruit chopped wedges,lime-fresh-fruit-chopped-wedges
3246,Vanilla ice-cream,,vanilla icecream,vanilla-icecream
3249,Ginger juice,,ginger juice,ginger-juice
3251,Salted grapefruit soda,,salted grapefruit soda,salted-grapefruit-soda
3279,Birch spirit/birch eau-de-vie,https://diffordsguide.com/beer-wine-spirits/6097/freya-birch-spirit,birch spiritbirch eaudevie,birch-spiritbirch-eaudevie
3299,Canadian rye whisky,,canadian rye whisky,canadian-rye-whisky
3339,Unsalted butter,,unsalted butter,unsalted-butter
3359,Armagnac brandy,,armagnac brandy,armagnac-brandy
3373,Lime (fresh fruit) (chopped),,lime fresh fruit chopped,lime-fresh-fruit-chopped
3374,Caster sugar,,caster sugar,caster-sugar
3376,Novo Fogo Silver cachaÃ§a (from freezer),https://diffordsguide.com/beer-wine-spirits/391/novo-fogo-silver,novo fogo silver cachaa from freezer,novo-fogo-silver-cachaa-from-freezer
3395,Dolin Chamberyzette,https://diffordsguide.com/beer-wine-spirits/5802/dolin-chamberyzette,dolin chamberyzette,dolin-chamberyzette
3411,Green tea liqueur,https://diffordsguide.com/beer-wine-spirits/154/zen-green-tea-liqueur,green tea liqueur,green-tea-liqueur
3418,Star anise,,star anise,star-anise
3448,Coconut sugar syrup,https://diffordsguide.com/beer-wine-spirits/6422/giffard-coconut-syrup,coconut sugar syrup,coconut-sugar-syrup
3449,Greek yogurt,,greek yogurt,greek-yogurt
3502,Pineau des Charentes rouge,,pineau des charentes rouge,pineau-des-charentes-rouge
3505,Lemon syrup (glasco citron),https://diffordsguide.com/beer-wine-spirits/5785/monin-lemon-syrup,lemon syrup glasco citron,lemon-syrup-glasco-citron
3506,Caraway seeds,,caraway seeds,caraway-seeds
3508,Rocket/Arugula salad leaves (wild),,rocketarugula salad leaves wild,rocketarugula-salad-leaves-wild
3515,O/Purist Tsipouro,https://diffordsguide.com/beer-wine-spirits/6646/o-purist-tsipouro,opurist tsipouro,opurist-tsipouro
3522,*Special ingredient #2 (see above),,special ingredient 2 see above,special-ingredient-2-see-above
3528,Rose sugar syrup,,rose sugar syrup,rose-sugar-syrup
3536,Commandaria Cypriot Wine,https://diffordsguide.com/beer-wine-spirits/5782/st-john-commandaria,commandaria cypriot wine,commandaria-cypriot-wine
3548,Bacardi 4 year old gold rum,https://diffordsguide.com/beer-wine-spirits/6185/bacardi-anejo-cuatro,bacardi 4 year old gold rum,bacardi-4-year-old-gold-rum
3552,Mascarpone cheese,,mascarpone cheese,mascarpone-cheese
3569,Japanese blended whisky,,japanese blended whisky,japanese-blended-whisky
3578,Lychee juice drink,,lychee juice drink,lychee-juice-drink
3580,Cherries (destoned),,cherries destoned,cherries-destoned
3624,Mozart black liqueur,,mozart black liqueur,mozart-black-liqueur
3625,Pistachio liqueur,,pistachio liqueur,pistachio-liqueur
3649,Americano Rosa,https://diffordsguide.com/beer-wine-spirits/4488/cocchi-americano-rosa,americano rosa,americano-rosa
3654,Chardonnay (Chablis) white wine,,chardonnay chablis white wine,chardonnay-chablis-white-wine
3664,Grapefruit oleo saccharum,,grapefruit oleo saccharum,grapefruit-oleo-saccharum
3683,Elderflower cordial,,elderflower cordial,elderflower-cordial
3706,Grapefruit flavoured vodka,,grapefruit flavoured vodka,grapefruit-flavoured-vodka
3733,Akvavit / Aquavit,https://diffordsguide.com/beer-wine-spirits/3841/lysholm-linie-aquavit,akvavit  aquavit,akvavit--aquavit
3788,Melon (Cantaloupe) (chopped),,melon cantaloupe chopped,melon-cantaloupe-chopped
3802,Manzanilla sherry,,manzanilla sherry,manzanilla-sherry
3826,Irn-Bru,,irnbru,irnbru
3961,Ricard Pastis,https://diffordsguide.com/beer-wine-spirits/188/ricard-pastis,ricard pastis,ricard-pastis
3991,Coffee ice-cream,,coffee icecream,coffee-icecream
4011,Worcestershire sauce (optional),,worcestershire sauce optional,worcestershire-sauce-optional
4037,Fennel seeds,,fennel seeds,fennel-seeds
4054,Celery saccharum (celery syrup),https://diffordsguide.com/encyclopedia/2152/cocktails/celery-saccharum,celery saccharum celery syrup,celery-saccharum-celery-syrup
4062,Clement Sirop de Canne,https://diffordsguide.com/beer-wine-spirits/6017/clement-sirop-de-canne,clement sirop de canne,clement-sirop-de-canne
4089,Strawberry candy (bonbon) syrup,,strawberry candy bonbon syrup,strawberry-candy-bonbon-syrup
4090,Pomegranate juice,https://diffordsguide.com/beer-wine-spirits/196/pom-wonderful-pomegranate-juice,pomegranate juice,pomegranate-juice
4093,Aphrodite Bitters,https://diffordsguide.com/beer-wine-spirits/902/dr-adam-elmegirabs-aphrodite-bitters,aphrodite bitters,aphrodite-bitters
4115,Pepper flavoured vodka,,pepper flavoured vodka,pepper-flavoured-vodka
4123,Roasted coffee beans,,roasted coffee beans,roasted-coffee-beans
4125,Balsamic vinegar of Modena,,balsamic vinegar of modena,balsamic-vinegar-of-modena
4149,Grapefruit gin,https://diffordsguide.com/beer-wine-spirits/6796/chase-pink-grapefruit-and-pomelo-gin,grapefruit gin,grapefruit-gin
4196,Carrot juice (freshly extracted),,carrot juice freshly extracted,carrot-juice-freshly-extracted
4201,Sparkling mineral water,,sparkling mineral water,sparkling-mineral-water
4213,Black tea (cold),,black tea cold,black-tea-cold
4236,Apple Schnapps liqueur (optional),https://diffordsguide.com/beer-wine-spirits/531/berentzen-apple-schnapps,apple schnapps liqueur optional,apple-schnapps-liqueur-optional
4240,Cinnamon powder,,cinnamon powder,cinnamon-powder
4243,Orange (fresh fruit),,orange fresh fruit,orange-fresh-fruit
4284,Giffard Caribbean Pineapple liqueur,https://diffordsguide.com/beer-wine-spirits/5986/giffard-premium-pineapple-liqueur,giffard caribbean pineapple liqueur,giffard-caribbean-pineapple-liqueur
4326,Camomile tea syrup (2:1),,camomile tea syrup 21,camomile-tea-syrup-21
4336,Kaffir lime leaf,,kaffir lime leaf,kaffir-lime-leaf
4433,Blackthorn berry liqueur,https://diffordsguide.com/beer-wine-spirits/3724/lapponia-tyrni-buckthorn,blackthorn berry liqueur,blackthorn-berry-liqueur
4488,Lemon (chopped wedges),,lemon chopped wedges,lemon-chopped-wedges
4506,Sauternes dessert wine,,sauternes dessert wine,sauternes-dessert-wine
4613,British bitter ale,https://diffordsguide.com/beer-wine-spirits/3175/fullers-chiswick-bitter,british bitter ale,british-bitter-ale
4619,PassoÃ£ liqueur,https://diffordsguide.com/beer-wine-spirits/209/passoa-liqueur,passo liqueur,passo-liqueur
4624,White cranberry juice drink,,white cranberry juice drink,white-cranberry-juice-drink
4649,Rainwater/Verdelho med-dry madeira,,rainwaterverdelho meddry madeira,rainwaterverdelho-meddry-madeira
4653,Verjuice,,verjuice,verjuice
4659,Brewed cold black breakfast tea,,brewed cold black breakfast tea,brewed-cold-black-breakfast-tea
4695,Green mint (menthe verte) syrup,,green mint menthe verte syrup,green-mint-menthe-verte-syrup
4697,Lemongrass syrup,https://diffordsguide.com/beer-wine-spirits/5786/monin-lemongrass-syrup,lemongrass syrup,lemongrass-syrup
4749,GrÃ¼ner Veltliner dry white wine,,grner veltliner dry white wine,grner-veltliner-dry-white-wine
4761,Liquore Strega,https://diffordsguide.com/beer-wine-spirits/161/liquore-strega,liquore strega,liquore-strega
4770,Blackcurrant / cassis sugar syrup,,blackcurrant  cassis sugar syrup,blackcurrant--cassis-sugar-syrup
4794,Milk (semi-skimmed/2% fat) (steamed foaming),,milk semiskimmed2 fat steamed foaming,milk-semiskimmed2-fat-steamed-foaming
4845,Guinness stout,,guinness stout,guinness-stout
4862,Martini Riserva Speciale Rubino,https://diffordsguide.com/beer-wine-spirits/5111/martini-riserva-speciale-rubino,martini riserva speciale rubino,martini-riserva-speciale-rubino
4875,Old Krupnik,https://diffordsguide.com/beer-wine-spirits/296/old-krupnik,old krupnik,old-krupnik
4907,Aquafaba (chickpea water),,aquafaba chickpea water,aquafaba-chickpea-water
5006,Heather honey,,heather honey,heather-honey
5007,Dry cider,,dry cider,dry-cider
5102,Sage leaves,,sage leaves,sage-leaves
5111,Pumpkin puree,https://diffordsguide.com/beer-wine-spirits/5795/real-pumpkin-puree,pumpkin puree,pumpkin-puree
5117,Basil leaves (thai),,basil leaves thai,basil-leaves-thai
5125,Pineau des Charentes blanc,,pineau des charentes blanc,pineau-des-charentes-blanc
5173,Luxardo Maraschino Cherries,https://diffordsguide.com/beer-wine-spirits/2048/luxardo-maraschino-cherries,luxardo maraschino cherries,luxardo-maraschino-cherries
5178,Acqua Bianca liqueur,https://diffordsguide.com/beer-wine-spirits/6625/acqua-bianca,acqua bianca liqueur,acqua-bianca-liqueur
5232,Batavia arrack,https://diffordsguide.com/beer-wine-spirits/5553/batavia-arrack-van-oosten,batavia arrack,batavia-arrack
5238,Fortunella kumquat liqueur,https://diffordsguide.com/beer-wine-spirits/6435/fortunella-liqueur,fortunella kumquat liqueur,fortunella-kumquat-liqueur
5247,Lillet Rouge,https://diffordsguide.com/beer-wine-spirits/285/lillet-rouge,lillet rouge,lillet-rouge
5273,Condensed milk,,condensed milk,condensed-milk
5300,Cream sherry (medium/sweet),,cream sherry mediumsweet,cream-sherry-mediumsweet
5307,Ouzo 12,https://diffordsguide.com/beer-wine-spirits/40/ouzo-12,ouzo 12,ouzo-12
5311,Damson vodka liqueur,,damson vodka liqueur,damson-vodka-liqueur
5445,Lowland single malt scotch whisky,https://diffordsguide.com/beer-wine-spirits/3784/auchentoshan-three-wood,lowland single malt scotch whisky,lowland-single-malt-scotch-whisky
5452,Branca Menta liqueur,https://diffordsguide.com/beer-wine-spirits/324/brancamenta,branca menta liqueur,branca-menta-liqueur
5471,Pineapple rum,https://diffordsguide.com/beer-wine-spirits/5622/plantation-pineapple-rum,pineapple rum,pineapple-rum
5487,Lychee syrup,,lychee syrup,lychee-syrup
5509,Martini Bitter Aperitivo,,martini bitter aperitivo,martini-bitter-aperitivo
5539,Gingerbread sugar syrup,https://diffordsguide.com/beer-wine-spirits/6295/monin-gingerbread-syrup,gingerbread sugar syrup,gingerbread-sugar-syrup
5590,Combier Elixir,,combier elixir,combier-elixir
5606,Manzoni Rosa Extra Dry Spumante,,manzoni rosa extra dry spumante,manzoni-rosa-extra-dry-spumante
5608,Apple (chopped),,apple chopped,apple-chopped
5626,Sherry vinegar,,sherry vinegar,sherry-vinegar
5656,Cinzano Orancio Vermouth,,cinzano orancio vermouth,cinzano-orancio-vermouth
5670,Mimosa syrup,,mimosa syrup,mimosa-syrup
5675,Double cream / heavy cream,,double cream  heavy cream,double-cream--heavy-cream
5738,Suze gentian liqueur (infused with coffee beans),https://diffordsguide.com/beer-wine-spirits/4215/suze-gentian-liqueur,suze gentian liqueur infused with coffee beans,suze-gentian-liqueur-infused-with-coffee-beans
5807,Ferro China Baliva,https://diffordsguide.com/beer-wine-spirits/5030/ferro-china-baliva,ferro china baliva,ferro-china-baliva
5902,Aloe vera juice drink,,aloe vera juice drink,aloe-vera-juice-drink
5903,Mint fresh sprigs,,mint fresh sprigs,mint-fresh-sprigs
5905,Pisang Ambon green banana liqueur,https://diffordsguide.com/beer-wine-spirits/200/pisang-ambon,pisang ambon green banana liqueur,pisang-ambon-green-banana-liqueur
5923,Oreo cookies,,oreo cookies,oreo-cookies
5999,Lemon,,lemon,lemon
6009,Ketel One Vodka (infused with vanilla),https://diffordsguide.com/beer-wine-spirits/278/ketel-one-vodka,ketel one vodka infused with vanilla,ketel-one-vodka-infused-with-vanilla
6023,Orange cream citrate,https://diffordsguide.com/beer-wine-spirits/2293/bittermens-orange-cream-citrate,orange cream citrate,orange-cream-citrate
6035,Roasted hazelnut sugar syrup,https://diffordsguide.com/beer-wine-spirits/3886/monin-hazelnut-syrup,roasted hazelnut sugar syrup,roasted-hazelnut-sugar-syrup
6130,Rhubarb flavoured vodka,,rhubarb flavoured vodka,rhubarb-flavoured-vodka
6145,L'Esprit De June Liqueur,,lesprit de june liqueur,lesprit-de-june-liqueur
6157,Passion fruit juice,,passion fruit juice,passion-fruit-juice
6160,Saffron fronds,,saffron fronds,saffron-fronds
6182,Yellow bell pepper (optional),,yellow bell pepper optional,yellow-bell-pepper-optional
6210,Roasted coconut cordial,,roasted coconut cordial,roasted-coconut-cordial
6212,Maple bitters,,maple bitters,maple-bitters
6290,Powdered sugar,,powdered sugar,powdered-sugar
6340,Peychaud's or other Creole-style bitters (optional),https://diffordsguide.com/beer-wine-spirits/201/peychauds-bitters,peychauds or other creolestyle bitters optional,peychauds-or-other-creolestyle-bitters-optional
6377,CrÃ¨me de Figue,,crme de figue,crme-de-figue
6384,Oak aged gin,,oak aged gin,oak-aged-gin
6407,Lapponia Lakka Cloudberry,https://diffordsguide.com/beer-wine-spirits/290/lapponia-lakka-cloudberry,lapponia lakka cloudberry,lapponia-lakka-cloudberry
6464,Palo cortado sherry,,palo cortado sherry,palo-cortado-sherry
6551,Mincemeat,,mincemeat,mincemeat
6585,Noilly Prat Extra Dry (originally  Ambre),https://diffordsguide.com/beer-wine-spirits/3981/noilly-prat-extra-dry,noilly prat extra dry originally  ambre,noilly-prat-extra-dry-originally--ambre
6593,Shochu,,shochu,shochu
6664,Lemon Oleo-Saccharum,,lemon oleosaccharum,lemon-oleosaccharum
6690,Tiki bitters,https://diffordsguide.com/beer-wine-spirits/2290/bittermens-elemakule-tiki-bitters,tiki bitters,tiki-bitters
6691,Pear flavoured vodka,,pear flavoured vodka,pear-flavoured-vodka
6723,Pineapple puree,,pineapple puree,pineapple-puree
6753,La FÃ©e Parisienne absinthe (omit for Cocktails Made Easy),https://diffordsguide.com/beer-wine-spirits/293/la-fee-parisienne-absinthe,la fe parisienne absinthe omit for cocktails made easy,la-fe-parisienne-absinthe-omit-for-cocktails-made-easy
6907,Barley malt syrup (1:1),,barley malt syrup 11,barley-malt-syrup-11
6925,Pineapple sugar syrup,https://diffordsguide.com/beer-wine-spirits/6316/monin-pineapple-syrup,pineapple sugar syrup,pineapple-sugar-syrup
6961,Hibiscus sugar syrup,,hibiscus sugar syrup,hibiscus-sugar-syrup
6995,Orange curd,,orange curd,orange-curd
7002,Angostura di Amaro,https://diffordsguide.com/beer-wine-spirits/5112/amaro-di-angostura,angostura di amaro,angostura-di-amaro
7008,Muscovado sugar syrup (2:1),,muscovado sugar syrup 21,muscovado-sugar-syrup-21
7009,Muscat wine,,muscat wine,muscat-wine
7010,Birch sap liqueur,,birch sap liqueur,birch-sap-liqueur
7013,Peppercorn syrup 1:1 (homemade),,peppercorn syrup 11 homemade,peppercorn-syrup-11-homemade
7066,Noilly Ambre vermouth,,noilly ambre vermouth,noilly-ambre-vermouth
7089,Asti Spumante,,asti spumante,asti-spumante
7103,Thyme sprig,,thyme sprig,thyme-sprig
7130,Ramazzotti amaro,https://diffordsguide.com/beer-wine-spirits/1819/ramazzotti-amaro,ramazzotti amaro,ramazzotti-amaro
7146,Pinot Noir red wine,,pinot noir red wine,pinot-noir-red-wine
7197,Camden Pale Ale,https://diffordsguide.com/beer-wine-spirits/2623/camden-pale-ale,camden pale ale,camden-pale-ale
7206,Bob's Liquorice bitters,https://diffordsguide.com/beer-wine-spirits/5742/bobs-liquorice-bitters,bobs liquorice bitters,bobs-liquorice-bitters
7240,Abricot (apricot) eau-de-vie,https://diffordsguide.com/beer-wine-spirits/433/acquavite-del-cardinale,abricot apricot eaudevie,abricot-apricot-eaudevie
7282,Lillet RosÃ©,https://diffordsguide.com/beer-wine-spirits/2690/lillet-rose,lillet ros,lillet-ros
7328,Orange juice (freshly squeezed) (optional),,orange juice freshly squeezed optional,orange-juice-freshly-squeezed-optional
7369,Extra virgin olive oil,,extra virgin olive oil,extra-virgin-olive-oil
7436,Earl Grey tea (cold),,earl grey tea cold,earl-grey-tea-cold
7466,Ban Poitin,https://diffordsguide.com/beer-wine-spirits/4152/ban-poitin,ban poitin,ban-poitin
7470,Rosemary sugar syrup (2:1),,rosemary sugar syrup 21,rosemary-sugar-syrup-21
7572,Guava juice,,guava juice,guava-juice
7701,Lapsang Souchong tea (cold),,lapsang souchong tea cold,lapsang-souchong-tea-cold
7710,Speyside single malt Scotch whisky (from freezer),,speyside single malt scotch whisky from freezer,speyside-single-malt-scotch-whisky-from-freezer
7733,La Vieille Prune plum brandy,,la vieille prune plum brandy,la-vieille-prune-plum-brandy
7769,Peach (fresh & ripe - skinned & diced),,peach fresh  ripe  skinned  diced,peach-fresh--ripe--skinned--diced
7774,Galander Fine mustard liqueur,,galander fine mustard liqueur,galander-fine-mustard-liqueur
7818,Camomile tea (hot),,camomile tea hot,camomile-tea-hot
7863,Lime juice (burnt),,lime juice burnt,lime-juice-burnt
7888,Yuzu infused sake liqueur,,yuzu infused sake liqueur,yuzu-infused-sake-liqueur
7902,Overproof aged rum,,overproof aged rum,overproof-aged-rum
7922,Pickled gherkin brine/vinegar,,pickled gherkin brinevinegar,pickled-gherkin-brinevinegar
7925,Pear purÃ©e,,pear pure,pear-pure
7953,CrÃ¨me de noyau liqueur,,crme de noyau liqueur,crme-de-noyau-liqueur
8007,Elderflower syrup,https://diffordsguide.com/beer-wine-spirits/3419/monin-elderflower-syrup,elderflower syrup,elderflower-syrup
8021,Lime oleo saccharum,,lime oleo saccharum,lime-oleo-saccharum
8042,Cherry bitters,https://diffordsguide.com/beer-wine-spirits/122/fee-brothers-cherry-bitters,cherry bitters,cherry-bitters
8131,Caorunn Gin (cinnamon infused),https://diffordsguide.com/beer-wine-spirits/617/caorunn-gin,caorunn gin cinnamon infused,caorunn-gin-cinnamon-infused
8303,Sweetcorn (canned),,sweetcorn canned,sweetcorn-canned
8330,Cava sparkling wine (chilled),,cava sparkling wine chilled,cava-sparkling-wine-chilled
8352,Green hot pepper sauce,,green hot pepper sauce,green-hot-pepper-sauce
8354,Lemongrass stem (chopped),,lemongrass stem chopped,lemongrass-stem-chopped
8360,Banana (ripe & peeled) (chopped),,banana ripe  peeled chopped,banana-ripe--peeled-chopped
8436,Honey water (1:1),,honey water 11,honey-water-11
8437,Dijon Mustard,,dijon mustard,dijon-mustard
8460,Hazelnut oil,,hazelnut oil,hazelnut-oil
8474,Spanish brandy,,spanish brandy,spanish-brandy
8475,Meletti amaro,,meletti amaro,meletti-amaro
8486,*Special ingredient #3 (see above),,special ingredient 3 see above,special-ingredient-3-see-above
8495,Rutte Dry Gin (from freezer),https://diffordsguide.com/beer-wine-spirits/5463/rutte-dry-gin,rutte dry gin from freezer,rutte-dry-gin-from-freezer
8674,Lemon bitters (optional),https://diffordsguide.com/beer-wine-spirits/3729/the-bitter-truth-lemon-bitters,lemon bitters optional,lemon-bitters-optional
8680,Tokaji Hungarian wine,,tokaji hungarian wine,tokaji-hungarian-wine
8721,Coconut liqueurs (<35% alc./vol.),https://diffordsguide.com/beer-wine-spirits/228/malibu-coconut-liqueur,coconut liqueurs 35 alcvol,coconut-liqueurs-35-alcvol
8743,Tarragon sugar syrup (2:1),https://diffordsguide.com/beer-wine-spirits/2384/monin-tarragon-syrup,tarragon sugar syrup 21,tarragon-sugar-syrup-21
8755,Ruby red grapefruit (chopped wedges),,ruby red grapefruit chopped wedges,ruby-red-grapefruit-chopped-wedges
8774,Liquorice liqueur,,liquorice liqueur,liquorice-liqueur
8798,CrÃ¨me brÃ»lÃ©e syrup,https://diffordsguide.com/beer-wine-spirits/6159/giffard-creme-brulee-syrup,crme brle syrup,crme-brle-syrup
8799,Caramel sugar syrup,https://diffordsguide.com/beer-wine-spirits/6623/monin-caramel-syrup,caramel sugar syrup,caramel-sugar-syrup
8800,Coffee Schnapps liqueur,,coffee schnapps liqueur,coffee-schnapps-liqueur
8877,Lime & lemongrass cordial,,lime  lemongrass cordial,lime--lemongrass-cordial
8936,Cold brew coffee,,cold brew coffee,cold-brew-coffee
8940,Violet sugar syrup,https://diffordsguide.com/beer-wine-spirits/4064/monin-violet-syrup,violet sugar syrup,violet-sugar-syrup
8951,Bacardi Carta Negra Superior,https://diffordsguide.com/beer-wine-spirits/1216/bacardi-carta-negra,bacardi carta negra superior,bacardi-carta-negra-superior
9006,Crodino,,crodino,crodino
9079,Peach bitters (optional),https://diffordsguide.com/beer-wine-spirits/6246/the-bitter-truth-peach-bitters,peach bitters optional,peach-bitters-optional
9087,Rutte Old Simon Genever (chilled),https://diffordsguide.com/beer-wine-spirits/5460/rutte-old-simon-genever,rutte old simon genever chilled,rutte-old-simon-genever-chilled
9088,Belgium dubbel abbey ale,,belgium dubbel abbey ale,belgium-dubbel-abbey-ale
9233,Cherry tomato (chopped),,cherry tomato chopped,cherry-tomato-chopped
9302,Kiwi fruit (chopped),,kiwi fruit chopped,kiwi-fruit-chopped
9355,Pinot Grigio white wine,,pinot grigio white wine,pinot-grigio-white-wine
9380,Clamato juice,,clamato juice,clamato-juice
9488,Spiced apple bitters,,spiced apple bitters,spiced-apple-bitters
9535,Slivovitz plum brandy,,slivovitz plum brandy,slivovitz-plum-brandy
9631,Hibiscus flower in syrup,,hibiscus flower in syrup,hibiscus-flower-in-syrup
9927,Oolong tea,,oolong tea,oolong-tea
9933,Freshly squeezed lemon or lime juice,,freshly squeezed lemon or lime juice,freshly-squeezed-lemon-or-lime-juice
9952,Lucano amaro,https://diffordsguide.com/beer-wine-spirits/4592/amaro-lucano,lucano amaro,lucano-amaro
9997,Giffard Green Apple Syrup,https://diffordsguide.com/beer-wine-spirits/6423/giffard-green-apple-syrup,giffard green apple syrup,giffard-green-apple-syrup
9998,Umeshu plum sake,,umeshu plum sake,umeshu-plum-sake
10010,Islay single malt Scotch whisky (optional),https://diffordsguide.com/beer-wine-spirits/292/lagavulin-16yo-islay-single-malt-whisky,islay single malt scotch whisky optional,islay-single-malt-scotch-whisky-optional
10031,Pineapple verdita,https://diffordsguide.com/encyclopedia/1771/cocktails/verdita,pineapple verdita,pineapple-verdita
10097,Monasterium liqueur,,monasterium liqueur,monasterium-liqueur
10134,Figs (chopped),,figs chopped,figs-chopped
10210,Bob's Grapefruit Bitters (optional),https://diffordsguide.com/beer-wine-spirits/6430/bobs-grapefruit-bitters,bobs grapefruit bitters optional,bobs-grapefruit-bitters-optional
10214,Lime juice (freshly squeezed) (clarified),,lime juice freshly squeezed clarified,lime-juice-freshly-squeezed-clarified
10268,Peach aperitif liqueur,https://diffordsguide.com/beer-wine-spirits/5724/rinquinquin-liqueur,peach aperitif liqueur,peach-aperitif-liqueur
10282,Giffard Mirabelle de Lorraine,https://diffordsguide.com/beer-wine-spirits/3614/giffard-mirabelle-de-lorraine,giffard mirabelle de lorraine,giffard-mirabelle-de-lorraine
10310,Rhubarb bitters,https://diffordsguide.com/beer-wine-spirits/1985/fee-brothers-rhubarb-bitters,rhubarb bitters,rhubarb-bitters
10385,Pineapple jam,,pineapple jam,pineapple-jam
10391,Watermelon liqueur,https://diffordsguide.com/beer-wine-spirits/1683/giffard-watermelon,watermelon liqueur,watermelon-liqueur
10399,Activated charcoal powder,https://diffordsguide.com/encyclopedia/1173/cocktails/activated-charcoal-in-cocktails,activated charcoal powder,activated-charcoal-powder
10498,Passion fruit puree,,passion fruit puree,passion-fruit-puree
10530,Ginseng aperitif,https://diffordsguide.com/beer-wine-spirits/375/kamm-and-sons,ginseng aperitif,ginseng-aperitif
10531,Black truffle honey,,black truffle honey,black-truffle-honey
10558,Kumquats (chopped),,kumquats chopped,kumquats-chopped
10562,Merlot red wine,,merlot red wine,merlot-red-wine
10575,French press/cafetiÃ¨re coffee,,french presscafetire coffee,french-presscafetire-coffee
10608,Centerba 72 Toro liqueur,,centerba 72 toro liqueur,centerba-72-toro-liqueur
10630,Black Tears cacao & coffee spiced rum (from freezer),https://diffordsguide.com/beer-wine-spirits/6456/black-tears-cacao-and-coffee-spiced-rum,black tears cacao  coffee spiced rum from freezer,black-tears-cacao--coffee-spiced-rum-from-freezer
10631,Giffard Sugar Cane Syrup (chilled),https://diffordsguide.com/beer-wine-spirits/5991/giffard-sugar-cane-syrup,giffard sugar cane syrup chilled,giffard-sugar-cane-syrup-chilled
10632,Ground coffee,,ground coffee,ground-coffee
10660,Barolo wine,,barolo wine,barolo-wine
10677,Chocolate ice-cream,,chocolate icecream,chocolate-icecream
10679,Ice cider,,ice cider,ice-cider
10710,Rutte Dry Gin (tea infused),https://diffordsguide.com/beer-wine-spirits/5463/rutte-dry-gin,rutte dry gin tea infused,rutte-dry-gin-tea-infused
10727,Single malt Welsh whisky,,single malt welsh whisky,single-malt-welsh-whisky
10739,Bob's Ginger Bitters,https://diffordsguide.com/beer-wine-spirits/5745/bobs-ginger-bitters,bobs ginger bitters,bobs-ginger-bitters
10843,Strawberry sugar syrup,,strawberry sugar syrup,strawberry-sugar-syrup
10888,Mead,,mead,mead
10895,Jalapeno slice,,jalapeno slice,jalapeno-slice
10914,Saffron syrup (2:1 sugar syrup heated with saffron fronds),,saffron syrup 21 sugar syrup heated with saffron fronds,saffron-syrup-21-sugar-syrup-heated-with-saffron-fronds
11054,Angostura Cocoa Bitters,https://diffordsguide.com/beer-wine-spirits/6805/angostura-cocoa-bitters,angostura cocoa bitters,angostura-cocoa-bitters
11116,Watermelon (fresh) (chopped),,watermelon fresh chopped,watermelon-fresh-chopped
11163,Spicy mango syrup,https://diffordsguide.com/beer-wine-spirits/6320/monin-spicy-mango-syrup,spicy mango syrup,spicy-mango-syrup
11219,Calamansi juice,,calamansi juice,calamansi-juice
11245,Olive bitters,https://diffordsguide.com/beer-wine-spirits/6247/the-bitter-truth-olive-bitters,olive bitters,olive-bitters
11266,Nardini Rosso,,nardini rosso,nardini-rosso
11286,Energy drink (carbonated),,energy drink carbonated,energy-drink-carbonated
11298,Bonal/Gentiane-Quina aperitifs,https://diffordsguide.com/beer-wine-spirits/416/bonal-gentiane-quina,bonalgentianequina aperitifs,bonalgentianequina-aperitifs
11356,Rioja red wine,,rioja red wine,rioja-red-wine
11399,Luxardo Bitter Bianco,https://diffordsguide.com/beer-wine-spirits/5827/luxardo-bitter-bianco,luxardo bitter bianco,luxardo-bitter-bianco
11420,Hibiscus tea (cold),,hibiscus tea cold,hibiscus-tea-cold
11461,Martini Rosso sweet vermouth (Star anise infused),https://diffordsguide.com/beer-wine-spirits/223/martini-rosso-vermouth,martini rosso sweet vermouth star anise infused,martini-rosso-sweet-vermouth-star-anise-infused
11483,Malbec red wine,,malbec red wine,malbec-red-wine
11496,Raisin sugar syrup (2:1 homemade),,raisin sugar syrup 21 homemade,raisin-sugar-syrup-21-homemade
11590,Cawston Press Apple & Ginger,,cawston press apple  ginger,cawston-press-apple--ginger
11648,Red curaÃ§ao liqueur,,red curaao liqueur,red-curaao-liqueur
11668,Cider vinegar,,cider vinegar,cider-vinegar
11669,Pear preserve/jam,,pear preservejam,pear-preservejam
11677,Dandelion & Burdock Bitters,https://diffordsguide.com/beer-wine-spirits/5783/dr-a-elmegirabs-dandelion-and-burdock-bitters,dandelion  burdock bitters,dandelion--burdock-bitters
11694,Calamansi juice (optional),,calamansi juice optional,calamansi-juice-optional
11862,Absinthe vermouth,https://diffordsguide.com/beer-wine-spirits/5455/absenteroux-vermouth-a-labsinthe,absinthe vermouth,absinthe-vermouth
11920,Coffee bitters,https://diffordsguide.com/beer-wine-spirits/901/cocktail-kingdom-coffee-bitters,coffee bitters,coffee-bitters
11948,*Special ingredient #4 (see above),,special ingredient 4 see above,special-ingredient-4-see-above
12049,"Ginger ale, soda, tonic water or other carbonated mixer",,ginger ale soda tonic water or other carbonated mixer,ginger-ale-soda-tonic-water-or-other-carbonated-mixer
12228,Single pot still Irish whiskey,,single pot still irish whiskey,single-pot-still-irish-whiskey
12232,Martini Rosato,https://diffordsguide.com/beer-wine-spirits/2879/martini-rosato,martini rosato,martini-rosato
12254,Blackcurrants,,blackcurrants,blackcurrants
12275,Kiwi sugar syrup,,kiwi sugar syrup,kiwi-sugar-syrup
12305,Ketel One Vodka (infused with lavender),https://diffordsguide.com/beer-wine-spirits/278/ketel-one-vodka,ketel one vodka infused with lavender,ketel-one-vodka-infused-with-lavender
12397,Cherry juice,https://diffordsguide.com/beer-wine-spirits/6702/dallaways-cherry-juice,cherry juice,cherry-juice
12409,Chili pepper liqueur,https://diffordsguide.com/beer-wine-spirits/3983/ancho-reyes,chili pepper liqueur,chili-pepper-liqueur
12461,Honey flavoured vodka,,honey flavoured vodka,honey-flavoured-vodka
12579,Sparkling apple juice,,sparkling apple juice,sparkling-apple-juice
12580,Rutte & ZN 12 Oude Graan Jenever,https://diffordsguide.com/beer-wine-spirits/1038/rutte-and-zn-12-oude-graan-jenever,rutte  zn 12 oude graan jenever,rutte--zn-12-oude-graan-jenever
12586,Moscatel,,moscatel,moscatel
12612,Jade Perique La Veritable Liqueur de Tabac,https://diffordsguide.com/beer-wine-spirits/1185/jade-perique-la-veritable-liqueur-de-tabac,jade perique la veritable liqueur de tabac,jade-perique-la-veritable-liqueur-de-tabac
12614,Teapot bitters,,teapot bitters,teapot-bitters
12620,Ginger jam,,ginger jam,ginger-jam
12633,White balsamic vinegar,,white balsamic vinegar,white-balsamic-vinegar
12670,Barrel aged red beer,https://diffordsguide.com/beer-wine-spirits/6536/innis-and-gunn-blood-red-sky,barrel aged red beer,barrel-aged-red-beer
12701,Martini Riserva Speciale Ambrato (smoked),https://diffordsguide.com/beer-wine-spirits/5110/martini-riserva-speciale-ambrato,martini riserva speciale ambrato smoked,martini-riserva-speciale-ambrato-smoked
12749,Green olives (pitted),,green olives pitted,green-olives-pitted
12961,Olive brine (from jarred olive),,olive brine from jarred olive,olive-brine-from-jarred-olive
13022,Amaro CioCiaro liqueur,https://diffordsguide.com/beer-wine-spirits/4591/amaro-ciociaro,amaro ciociaro liqueur,amaro-ciociaro-liqueur
13046,Cranberry liqueur,,cranberry liqueur,cranberry-liqueur
13215,Lemon sorbet,,lemon sorbet,lemon-sorbet
13232,Damson plum preserve,,damson plum preserve,damson-plum-preserve
13233,Quince bitters,,quince bitters,quince-bitters
13234,English sparkling wine,,english sparkling wine,english-sparkling-wine
13238,Bob's Vanilla bitters (optional),https://diffordsguide.com/beer-wine-spirits/6686/bobs-vanilla-bitters,bobs vanilla bitters optional,bobs-vanilla-bitters-optional
13256,CrÃ¨me Yvette liqueur,https://diffordsguide.com/beer-wine-spirits/1115/creme-yvette-delicieuse-liqueur,crme yvette liqueur,crme-yvette-liqueur
13262,Black strap molasses,,black strap molasses,black-strap-molasses
13271,Beetroot juice,,beetroot juice,beetroot-juice
13366,Toffee liqueur,,toffee liqueur,toffee-liqueur
